patient,provider,centre,start_time,end_time,is_confirmed,notes,reason
jack@gmail.com,toby@gmail.com,Sydney Children Hospital,22/12/2018_09:00,22/12/2018_09:30,0,Patient is a pathological liar.,My nose has grown very long.
isaac@gmail.com,samuel@gmail.com,Prince of Wales Hospital,22/11/2018_09:30,22/11/2018_10:00,1,Patient does not have an alarm clock.,I can't stop sleeping in!
tom@gmail.com,samuel@gmail.com,Prince of Wales Hospital,11/11/2018_10:30,11/11/2018_11:00,1,Patient missed bus and needs certificate.,I missed my bus and need a doctors note for my real cold.
tom@gmail.com,anna@gmail.com,Prince of Wales Hospital,11/12/2018_10:30,11/12/2018_11:00,1,TEST.
hao@gmail.com,samuel@gmail.com,Prince of Wales Hospital,5/12/2018_10:00,5/12/2018_10:30,1,Patient is avid Mario kart roleplayer.,I slipped on a banana peel and broke my leg.
hao@gmail.com,anna@gmail.com,Prince of Wales Hospital,3/1/2018_11:00,3/1/2018_11:30,0,Patient is actually a sea urchin.,Help, I've stabbed myself!
hao@gmail.com,toby@gmail.com,Prince of Wales Hospital,2/1/2018_11:00,2/1/2018_11:30,0,Patient is actually a sea urchin2.,Help, I've stabbed myself!
hao@gmail.com,ian@gmail.com,Prince of Wales Hospital,1/1/2018_11:00,1/1/2018_11:30,0,Patient is actually a sea urchin3.,Help, I've stabbed myself!

